conceptType,conceptUri,preferredLabel,status,altLabels,description,broaderConceptUri,broaderConceptPT
Occupation,http://data.europa.eu/esco/occupation/01ffb917-98dc-48c1-91ad-93c4104e791d,inżynier biocybernetyki i inżynierii biomedycznej,released,inżynier biomedyczny,"Inżynierowie biocybernetyki i inżynierii biomedycznej łączą wiedzę na temat zasad inżynieryjnych i odkryć biologicznych na potrzeby rozwoju leczenia, leków i ogólnej opieki zdrowotnej. Mogą oni opracowywać rozwiązania, począwszy od poprawy komponentów w tradycyjnych produktach leczniczych aż po procesy powstawania zagnieżdżonych zarodków, a także do leczenia tkanek.",http://data.europa.eu/esco/occupation/f9433fdb-dde1-46cf-9e91-b49d243946a7,bioinżynier
Occupation,http://data.europa.eu/esco/occupation/0611f232-b30e-46c7-9c26-2d59b1448e79,kryminolog,released,,"Kryminolodzy badają uwarunkowania dotyczące ludzi, takie jak aspekty społeczne i psychologiczne, które mogły ich doprowadzić do popełnienia czynów przestępczych. Obserwują i analizują różne czynniki, począwszy od warunków behawioralnych, aż po kontekst społeczny i środowisko podejrzanych, aby doradzać organizacjom w zakresie zapobiegania przestępczości.",http://data.europa.eu/esco/isco/C2632,"Socjolodzy, antropolodzy i specjaliści w dziedzinach pokrewnych"
Occupation,http://data.europa.eu/esco/occupation/0959cd1d-f6c8-4362-939a-ad7d5f75d659,wykładowca akademicki z dziedziny ekonomii,released,pracownik naukowo-dydaktyczny z dziedziny ekonomii,"Wykładowcy akademiccy z dziedziny ekonomii to profesorowie, doktorzy habilitowani, wykładowcy, asystenci, mentorzy uczący studentów w zakresie swojej wyspecjalizowanej dziedziny, ekonomii. Opracowują programy nauczania, przygotowują zajęcia (wykłady, zajęcia praktyczne, seminaria, szkolenia itp.), monitorują wyniki nauczania, nadzorują przebieg studiów. Prowadzą badania naukowe w dziedzinie ekonomii i przedstawiają swoje ustalenia na konferencjach i w publikacjach. Są oni zaangażowani w niektóre funkcje związane z zarządzaniem uniwersytetem.",http://data.europa.eu/esco/occupation/684fd8d5-9b40-4b02-a680-438f0082d923,nauczyciel akademicki
Occupation,http://data.europa.eu/esco/occupation/0bf5d25a-2b4d-43b5-b053-beeb210fa43a,wykładowca akademicki w dziedzinie medycyny,released,pracownik naukowo-dydaktyczny w dziedzinie medycyny,"Wykładowcy akademiccy w dziedzinie medycyny są profesorami, nauczycielami i wykładowcami uczącymi studentów, którzy uzyskali dyplom ukończenia szkoły średniej, w zakresie swojej wyspecjalizowanej dziedziny studiów – medycyny, która ma głównie charakter akademicki. Współpracują ze swoimi asystentami naukowymi i dydaktycznymi w celu przygotowania wykładów i egzaminów, do klasyfikowania dokumentów i egzaminów, do prowadzenia praktyk laboratoryjnych, a także do prowadzenia regularnych przeglądów i wymiany informacji zwrotnych dla studentów. Prowadzą również badania naukowe w dziedzinie medycyny, publikują swoje ustalenia i współpracują z innymi pracownikami uczelni.",http://data.europa.eu/esco/occupation/684fd8d5-9b40-4b02-a680-438f0082d923,nauczyciel akademicki
Occupation,http://data.europa.eu/esco/occupation/0c7c9606-fde3-4658-8136-8fe0c9b8bd09,inżynier sprzętu medycznego,released,specjalista inżynierii medycznej | inżynier kliniczny,"Inżynierowie sprzętu medycznego projektują i opracowują systemy medyczno-techniczne, instalacje i urządzenia, takie jak rozruszniki serca, skanery rezonansu magnetycznego i urządzenia rentgenowskie. Monitorują cały proces wytwarzania od projektu koncepcji do wdrożenia produktu. Podjęte działania obejmują między innymi projektowanie ulepszania produktów, opracowywanie metod i technik w celu oceny przydatności projektu, koordynowanie wstępnej produkcji, opracowywanie procedur przeprowadzania testów i opracowywanie schematów produkcji.",http://data.europa.eu/esco/occupation/4d34a9ee-2653-4da0-bef7-f59294577224,inżynier elektronik
Occupation,http://data.europa.eu/esco/occupation/0cd729a6-ed11-4338-ac4b-d4b924390128,historyk,released,historyk dyplomacji | historyk wojskowości | badacz historii politycznej | egiptolog | badacz historii gospodarczej | historyk sztuki,"Historycy badają, analizują, interpretują i przedstawiają przeszłość społeczeństw. Analizują dokumenty, źródła i ślady przeszłości, żeby zrozumieć przeszłość człowieka.",http://data.europa.eu/esco/isco/C2633,"Filozofowie, historycy i politolodzy"
Occupation,http://data.europa.eu/esco/occupation/0d93706d-32fd-4de3-aa08-be1003e325da,chemik,released,chemik środowiska | chemik organik | agrochemik | biochemik | chemik medyczny,"Chemicy wykonują badania laboratoryjne testując i analizując strukturę chemiczną substancji. Przekładają wyniki badań na procesy produkcji przemysłowej, które następnie są wykorzystywane do rozwoju lub ulepszenia produktów. Chemicy badają również jakość wytwarzanych produktów i ich wpływ na środowisko.",http://data.europa.eu/esco/isco/C2113,Chemicy
Occupation,http://data.europa.eu/esco/occupation/10291962-c0c7-4e5b-a7ed-0762b4d9b010,farmakolog,released,,"Farmakolodzy badają sposób interakcji leków i leków z organizmami, żywymi systemami i ich częściami (tj. komórkami, tkankami lub narządami). Ich badania mają na celu identyfikację substancji, które mogą być spożywane przez ludzi i które wywierają odpowiednie biochemiczne funkcje leczenia chorób.",http://data.europa.eu/esco/isco/C2131,"Biolodzy, botanicy, zoolodzy i specjaliści nauk pokrewnych"
Occupation,http://data.europa.eu/esco/occupation/116b4c55-5bd0-41e9-9227-98d7ecffeaf6,wykładowca akademicki w dziedzinie socjologii,released,pracownik naukowo-dydaktyczny w dziedzinie socjologii,"Wykładowcy akademiccy w dziedzinie socjologii są profesorami, nauczycielami i wykładowcami uczącymi studentów, którzy uzyskali dyplom ukończenia szkoły średniej, w zakresie swojej wyspecjalizowanej dziedziny studiów – socjologii, która ma głównie charakter akademicki. Współpracują ze swoimi asystentami naukowymi i dydaktycznymi w celu przygotowania wykładów i egzaminów, oceniania testów i egzaminów oraz prowadzenia regularnych przeglądów i wymiany informacji zwrotnych dla studentów. Prowadzą również badania naukowe w dziedzinie socjologii, publikują swoje ustalenia i współpracują z innymi pracownikami uczelni.",http://data.europa.eu/esco/occupation/684fd8d5-9b40-4b02-a680-438f0082d923,nauczyciel akademicki
Occupation,http://data.europa.eu/esco/occupation/11a6d0f6-e692-4774-aa5f-193b67d31022,kinezjolog,released,,"Kinezjolodzy studiują i badają ruch ciała; jego mięśni i części. Analizują i wykorzystują dane i metody naukowe w celu poprawy ruchu ciała, ogólnie u ludzi, poprzez zrozumienie takich obszarów, jak fizjologia, kinetyka, neurologia i biologia. Uznają oni wpływ niektórych czynników, takich jak stan ciała, na opracowanie i rozwój rozwiązań mających na celu poprawę ogólnej mechaniki i mobilności.",http://data.europa.eu/esco/isco/C2269,Specjaliści ochrony zdrowia gdzie indziej niesklasyfikowani
Occupation,http://data.europa.eu/esco/occupation/11b6390b-1e48-4903-a5df-d3e04b451a19,chemik kosmetolog,released,,"Chemicy kosmetolodzy opracowują receptury w celu tworzenia i testowania nowych produktów kosmetycznych oraz ulepszania istniejących, takich jak perfumy i substancje zapachowe, szminki, wodoodporne płyny i przybory do makijażu, farby do włosów, mydła i detergenty o specjalnych właściwościach, aktualne leki lub suplementy zdrowotne.",http://data.europa.eu/esco/occupation/0d93706d-32fd-4de3-aa08-be1003e325da,chemik
Occupation,http://data.europa.eu/esco/occupation/11d72bd6-779a-4643-9962-313833740094,sozolog,released,audytor środowiskowy,"Sozolodzy identyfikują problemy i znajdują rozwiązania służące zminimalizowaniu zagrożeń dla środowiska dzięki prowadzeniu analiz na takich próbkach, jak powietrze, woda lub gleba. Doradzają lub opracowują politykę ochrony środowiska i mają na celu poprawę zaopatrzenia w wodę oraz zarządzanie składowiskami odpadów. Sozolodzy przeprowadzają oceny ryzyka środowiskowego i analizują wpływ środowiskowy na nowe rozwiązania, obiekty budowlane lub zmiany w środowisku, zapewniając przestrzeganie przepisów środowiskowych.",http://data.europa.eu/esco/isco/C2133,Specjaliści do spraw ochrony środowiska
Occupation,http://data.europa.eu/esco/occupation/11df8941-508c-4103-ad40-52cdf9430a59,socjolog,released,mediator kulturowy | specjalista ds. komunikacji międzykulturowej | doradca ds. komunikacji międzykulturowej | socjolog prawa | badacz nauk o rodzinie | badacz zachowań konsumenckich | socjolog gospodarczy,"Socjolodzy koncentrują swoją działalność badawczą na objaśnianiu zachowań społecznych i na sposobie organizacji społecznej. Badają i objaśniają ewoluowanie społeczeństw poprzez opisanie ich systemów prawnych, politycznych i gospodarczych oraz ich form ekspresji kulturowej.",http://data.europa.eu/esco/isco/C2632,"Socjolodzy, antropolodzy i specjaliści w dziedzinach pokrewnych"
Occupation,http://data.europa.eu/esco/occupation/1738173e-ef9c-4222-88c8-b6aa9bad3cf7,biofizyk,released,,"Biofizycy badają istniejące związki między żywymi organizmami i fizyką. Prowadzą badania na żywych organizmach w oparciu o metody fizyki mające na celu wyjaśnienie złożoności życia, przewidywanie wzorców i wyciąganie wniosków na temat aspektów życia. Pola badawcze biofizyków obejmują DNA, białka, cząsteczki, komórki i środowiska.",http://data.europa.eu/esco/occupation/eee68e13-8248-43bb-a9fb-959832a6c217,biolog
Occupation,http://data.europa.eu/esco/occupation/19db5ad1-ffbf-41a0-8746-d3878f0d5dbd,medioznawca,released,badacz mediów | antropolog mediów | socjolog mediów,"Badacze mediów badają rolę i wpływ mediów na społeczeństwo. Obserwują i dokumentują korzystanie z różnych rodzajów mediów, takich jak gazety, radio i telewizja, oraz reakcję społeczeństwa.",http://data.europa.eu/esco/occupation/acf69cab-8629-45c8-ae10-c8fb15f474b6,antropolog
Occupation,http://data.europa.eu/esco/occupation/1bbaf82c-67ae-4beb-9a55-7298acf5b2af,wykładowca akademicki w dziedzinie pielęgniarstwa,released,pracownik naukowo-akademicki w dziedzinie pielęgniarstw,"Wykładowcy akademiccy w dziedzinie pielęgniarstwa akademiccy w dziedzinie medycyny są profesorami, nauczycielami lub wykładowcami, a także często lekarzami uczącymi studentów, którzy uzyskali dyplom ukończenia szkoły średniej, w zakresie swojej wyspecjalizowanej dziedziny studiów – pielęgniarstwa, która ma głównie charakter akademicki. Współpracują ze swoimi asystentami naukowymi i dydaktycznymi w celu przygotowania wykładów i egzaminów, do klasyfikowania dokumentów i egzaminów, do prowadzenia praktyk laboratoryjnych, a także do prowadzenia regularnych przeglądów i wymiany informacji zwrotnych dla studentów. Prowadzą również badania naukowe w dziedzinie pielęgniarstwa, publikują swoje ustalenia i współpracują z innymi pracownikami uczelni.",http://data.europa.eu/esco/occupation/684fd8d5-9b40-4b02-a680-438f0082d923,nauczyciel akademicki
Occupation,http://data.europa.eu/esco/occupation/1c862e14-80f8-4aa8-8f1c-fd2ca95b63ad,meteorolog,released,hydrometeorolog,"Meteorolodzy analizują procesy klimatyczne, mierzą i prognozują warunki pogodowe oraz świadczą usługi doradcze różnym użytkownikom informacji o pogodzie. Opracowują modele prognozowania pogody, opracowują instrumenty gromadzenia danych meteorologicznych oraz opracowują statystyki i bazy danych.",http://data.europa.eu/esco/isco/C2112,Meteorolodzy
Occupation,http://data.europa.eu/esco/occupation/2026adb2-62d7-4b92-9ccb-105abdebe37d,inżynier ds. technologii elektromagnetycznych,released,inżynier ds. symulacji elektromagnetycznych | inżynier ds. systemów elektromagnetycznych,"Inżynierowie ds. technologii elektromagnetycznych projektują i opracowują systemy, urządzenia i części elektromagnetyczne, takie jak elektromagnesy w głośnikach, blokady elektromagnetyczne, magnesy przewodzące w magnetycznym rezonansie oraz magnesy w silnikach elektrycznych.",http://data.europa.eu/esco/occupation/86ca306c-ab99-420a-9e2a-aa73c5c4de22,inżynier elektryk
Occupation,http://data.europa.eu/esco/occupation/203ea2ee-bbee-4aaf-83d7-2f2225f916e3,archeolog,released,archeolog morski | kierownik wykopalisk,"Archeolodzy badają i analizują dawne cywilizacji i osadnictwo, gromadząc i oceniając ślady materialne. Archeolodzy analizują i wyciągają wnioski w wielu kwestiach, takich jak: hierarchia, lingwistyka, kultura i polityka, na podstawie badania przedmiotów, budowli, skamielin, reliktów i artefaktów, które przetrwały po badanych grupach ludności. Archeolodzy korzystają z różnych metod interdyscyplinarnych, takich jak stratygrafia, typologia, analiza 3D, matematyka i modelowanie.",http://data.europa.eu/esco/isco/C2632,"Socjolodzy, antropolodzy i specjaliści w dziedzinach pokrewnych"
Occupation,http://data.europa.eu/esco/occupation/25829508-63f3-41c3-affc-ddbb5c077930,fizjolog,released,anatom,"Fizjolodzy przeprowadzają badania dotyczące funkcjonowania różnych żywych organizmów, ich części oraz ich interakcji. Rozumieją oni, w jaki sposób systemy życia reagują na czynniki takie jak choroby, aktywność fizyczną i stres, oraz wykorzystują te informacje do opracowywania metod i rozwiązań, aby nawet wykluczyć, że te czynniki występują w organizmach żyjących.",http://data.europa.eu/esco/occupation/eee68e13-8248-43bb-a9fb-959832a6c217,biolog
Occupation,http://data.europa.eu/esco/occupation/258e46f9-0075-4a2e-adae-1ff0477e0f30,specjalista ds. zarządzania danymi,released,specjalistka ds. zarządzania danymi | specjalista w zakresie zarządzania danymi | specjalista w dziedzinie zarządzania danymi | analityk danych | specjalista ds. danych | specjaliści ds. zarządzania danymi,"Specjaliści ds. zarządzania danymi wyszukują i interpretują bogate źródła danych, zarządzają dużymi ilościami danych, łączą źródła danych, zapewniają spójność zestawów danych oraz tworzą wizualizacje pomocne w zrozumieniu danych. Tworzą modele matematyczne na podstawie danych oraz przedstawiają i przekazują wiedzę i ustalenia wynikające z danych specjalistom i naukowcom ze swojego zespołu oraz, w razie potrzeby, odbiorcom niebędących ekspertami, oraz zalecają sposoby zastosowania tych danych.",http://data.europa.eu/esco/isco/C2511,Analitycy systemów komputerowych
Occupation,http://data.europa.eu/esco/occupation/30058b71-fe16-45ea-a2b8-d5461c706372,wykładowca akademicki z dziedziny biznesu,released,pracownik naukowo-dydaktyczny z dziedziny biznesu,"Wykładowcy akademiccy z dziedziny biznesu są profesorami, nauczycielami i wykładowcami uczącymi studentów, którzy uzyskali dyplom ukończenia szkoły średniej, w zakresie swojej wyspecjalizowanej dziedziny studiów – biznesu, która ma głównie charakter akademicki. Współpracują ze swoimi asystentami naukowymi i dydaktycznymi w celu przygotowania wykładów i egzaminów, oceniania testów i egzaminów oraz prowadzenia regularnych przeglądów i wymiany informacji zwrotnych dla studentów. Prowadzą również badania naukowe dziedzinie biznesu, publikują swoje ustalenia i współpracują z innymi pracownikami uczelni.",http://data.europa.eu/esco/occupation/684fd8d5-9b40-4b02-a680-438f0082d923,nauczyciel akademicki
Occupation,http://data.europa.eu/esco/occupation/306e9867-cf55-446f-88c6-8adad5369f8c,wykładowca akademicki z dziedziny nauki o ziemi,released,pracownik naukowo-dydaktyczny z dziedziny nauk o ziemi,"Wykładowcy akademiccy z dziedziny nauki o ziemi są profesorami, nauczycielami i wykładowcami uczącymi studentów, którzy uzyskali dyplom ukończenia szkoły średniej, w zakresie swojej wyspecjalizowanej dziedziny studiów – dziedziny nauk o ziemi, która ma głównie charakter akademicki. Współpracują ze swoimi asystentami naukowymi i dydaktycznymi w celu przygotowania wykładów i egzaminów, oceniania testów i egzaminów oraz prowadzenia regularnych przeglądów i wymiany informacji zwrotnych dla studentów. Prowadzą również badania naukowe w dziedzinie nauki o ziemi, publikują swoje ustalenia i współpracują z innymi pracownikami uczelni.",http://data.europa.eu/esco/occupation/684fd8d5-9b40-4b02-a680-438f0082d923,nauczyciel akademicki
Occupation,http://data.europa.eu/esco/occupation/35d41f4f-334b-452e-9e31-99f376302493,inżynier optoelektronik,released,,"Inżynierowie optoelektronicy opracowują i rozwijają systemy i urządzenia optoelektroniczne, takie jak czujniki UV, fotodiody i diody LED. Inżynieria optoelektroniczna łączy inżynierię optyczną z inżynierią elektroniczną w projektowaniu tych systemów i urządzeń. Prowadzą badania, przeprowadzają analizy, testują urządzenia i nadzorują badania.",http://data.europa.eu/esco/occupation/4d34a9ee-2653-4da0-bef7-f59294577224,inżynier elektronik
Occupation,http://data.europa.eu/esco/occupation/3af4d6be-90b5-41f6-be06-3330dab3df73,badacz pracy socjalnej,released,specjalista ds. badań pomocy społecznej,"Badacze pracy socjalnej zarządzają projektami badawczymi mającymi na celu badanie i przedstawianie sprawozdań w kwestiach społecznych. Najpierw przeprowadzają badanie, gromadząc informacje w drodze wywiadów, grup fokusowych i kwestionariuszy, a następnie organizują i analizują zebrane informacje za pomocą pakietów oprogramowania komputerowego. Analizują problemy i potrzeby społeczne oraz różne sposoby i techniki reagowania na nie.",http://data.europa.eu/esco/occupation/11df8941-508c-4103-ad40-52cdf9430a59,socjolog
Occupation,http://data.europa.eu/esco/occupation/3c305542-a51b-4b96-8d45-af11ca05eaa2,wykładowca akademicki w dziedzinie weterynarii,released,pracownik naukowo-dydaktyczny w dziedzinie weterynarii,"Wykładowcy akademiccy w dziedzinie weterynarii są profesorami, nauczycielami i wykładowcami uczącymi studentów, którzy uzyskali dyplom ukończenia szkoły średniej, w zakresie swojej wyspecjalizowanej dziedziny studiów – weterynarii, głównie o charakterze akademickim. Współpracują ze swoimi asystentami naukowymi i dydaktycznymi w celu przygotowania wykładów i egzaminów, do klasyfikowania dokumentów i egzaminów, do prowadzenia praktyk laboratoryjnych, a także do prowadzenia regularnych przeglądów i wymiany informacji zwrotnych dla studentów. Prowadzą również badania naukowe w dziedzinie weterynarii, publikują swoje ustalenia i współpracują z innymi pracownikami uczelni.",http://data.europa.eu/esco/occupation/684fd8d5-9b40-4b02-a680-438f0082d923,nauczyciel akademicki
Occupation,http://data.europa.eu/esco/occupation/3d7a1284-824c-47d9-8387-b8e1cd5888b5,wykładowca akademicki w dziedzinie stomatologii,released,pracownik naukowo-dydaktyczny w dziedznie stomatologii,"Wykładowcy akademiccy w dziedzinie stomatologii są profesorami, nauczycielami i wykładowcami uczącymi studentów, którzy uzyskali dyplom ukończenia szkoły średniej, w zakresie swojej wyspecjalizowanej dziedziny studiów – stomatologii, głównie o charakterze akademickim. Współpracują ze swoimi asystentami naukowymi i dydaktycznymi w celu przygotowania wykładów i egzaminów, do klasyfikowania dokumentów i egzaminów, do prowadzenia praktyk laboratoryjnych, a także do prowadzenia regularnych przeglądów i wymiany informacji zwrotnych dla studentów. Prowadzą również badania naukowe w dziedzinie stomatologii, publikują swoje ustalenia i współpracują z innymi pracownikami uczelni.",http://data.europa.eu/esco/occupation/684fd8d5-9b40-4b02-a680-438f0082d923,nauczyciel akademicki
Occupation,http://data.europa.eu/esco/occupation/3dbd758c-6dc0-41fe-8248-2250c9bfa4ab,klimatolog,released,,"Klimatolodzy studiują średnią zmianę pogody i klimatu w perspektywie długoterminowej. Badają i analizują historyczne warunki pogodowe w celu przewidywania zmian warunków klimatycznych, takich jak zmiany temperatury, globalne ocieplenie lub regionalne niekorzystne warunki pogodowe. Wykorzystują te ustalenia dotyczące doradztwa w zakresie polityki ochrony środowiska, budownictwa, projektów rolnych i kwestii społecznych.",http://data.europa.eu/esco/occupation/1c862e14-80f8-4aa8-8f1c-fd2ca95b63ad,meteorolog
Occupation,http://data.europa.eu/esco/occupation/3f7b7ce5-94b6-4e0c-98e7-a4ee5a6accf4,toksykolog,released,,"Toksykolodzy badają wpływ substancji chemicznych lub czynników biologicznych i fizycznych na organizmy żywe, a dokładniej na środowisko i zdrowie zwierząt i ludzi. Określają oni dawki narażenia na substancje powodujące toksyczne działanie w środowiskach, ludziach i organizmach żywych, a także prowadzą eksperymenty na zwierzętach i w hodowlach komórkowych.",http://data.europa.eu/esco/occupation/eee68e13-8248-43bb-a9fb-959832a6c217,biolog
Occupation,http://data.europa.eu/esco/occupation/441a5b76-2f51-4704-9df7-3b8e715dd3ad,badacz nauk o zachowaniu,released,behawiorysta | badacz nauki o zachowaniu,"Badacze nauk o zachowaniu badają, obserwują i opisują zachowanie ludzi w społeczeństwie. Wyciągają wnioski co do motywów powodujących ludźmi, obserwują okoliczności wywołujące różne zachowania i opisują różne rodzaje osobowości. Doradzają organizacjom i instytucjom rządowym w tej dziedzinie. Mogą również analizować zachowanie zwierząt.",http://data.europa.eu/esco/isco/C2632,"Socjolodzy, antropolodzy i specjaliści w dziedzinach pokrewnych"
Occupation,http://data.europa.eu/esco/occupation/479ede81-bd51-4f3b-9d30-4910699fd211,wykładowca akademicki w zakresie dziennikarstwa i mediów,released,pracownik naukowo-dydaktyczny w zakresie dziennikarstwa i mediów,"Wykładowcy akademiccy w zakresie dziennikarstwa i mediów są profesorami, nauczycielami i wykładowcami uczącymi studentów, którzy uzyskali dyplom ukończenia szkoły średniej, w zakresie swojej wyspecjalizowanej dziedziny studiów – dziennikarstwa i mediów – głównie o charakterze akademickim. Współpracują ze swoimi asystentami naukowymi i dydaktycznymi w celu przygotowania wykładów i egzaminów, oceniania testów i egzaminów oraz prowadzenia regularnych przeglądów i wymiany informacji zwrotnych dla studentów. Prowadzą również badania naukowe dziedzinie dziennikarstwa i mediów, publikują swoje ustalenia i współpracują z innymi pracownikami uczelni.",http://data.europa.eu/esco/occupation/684fd8d5-9b40-4b02-a680-438f0082d923,nauczyciel akademicki
Occupation,http://data.europa.eu/esco/occupation/49023c69-302f-4671-b26f-7229d1a53915,wykładowca akademicki w dziedzinie komunikacji społecznej,released,pracownik naukowo-dydaktyczny w dziedzinie komunikacji,"Wykładowcy akademiccy w dziedzinie komunikacji społecznej są profesorami, nauczycielami i wykładowcami uczącymi studentów, którzy uzyskali dyplom ukończenia szkoły średniej, w zakresie swojej wyspecjalizowanej dziedziny studiów – komunikacji społecznej, która ma głównie charakter akademicki. Współpracują ze swoimi asystentami naukowymi i dydaktycznymi w celu przygotowania wykładów i egzaminów, oceniania testów i egzaminów oraz prowadzenia regularnych przeglądów i wymiany informacji zwrotnych dla studentów. Prowadzą również badania naukowe w dziedzinie komunikacji, publikują swoje ustalenia i współpracują z innymi pracownikami uczelni.",http://data.europa.eu/esco/occupation/684fd8d5-9b40-4b02-a680-438f0082d923,nauczyciel akademicki
Occupation,http://data.europa.eu/esco/occupation/4b759f0e-8fec-4cf5-80d4-d112a9fd4e51,oceanolog,released,oceanograf,"Oceanolodzy studiują i wykonują badania dotyczące kwestii związanych z morzem i oceanem. Oceanolodzy dzielą swoją wiedzę fachową na różne dziedziny badań: oceanolodzy fizyczni koncentrują się na falach i pływach, badania oceanologów chemicznych dotyczą składu chemicznego wód morskich, a badania oceanologów geologicznych odnoszą się do dna mórz i ich osadu.
   ",http://data.europa.eu/esco/occupation/c6196b21-20f9-4608-83fb-6f143afc740d,geolog
Occupation,http://data.europa.eu/esco/occupation/4e8a5d3e-66de-4661-9927-ef3123cc79e9,wykładowca akademicki w dziedzinie architektury,released,,"Wykładowcy akademiccy w dziedzinie architektury są profesorami, nauczycielami i wykładowcami uczącymi studentów, którzy uzyskali dyplom ukończenia szkoły średniej w zakresie swojej wyspecjalizowanej dziedziny studiów – architektury, która ma głównie charakter akademicki. Współpracują ze swoimi asystentami naukowymi i dydaktycznymi w celu przygotowania wykładów i egzaminów, oceniania testów i egzaminów oraz prowadzenia regularnych przeglądów i wymiany informacji zwrotnych dla studentów. Prowadzą również badania naukowe w dziedzinie architektury, publikują swoje ustalenia i współpracują z innymi pracownikami uczelni.",http://data.europa.eu/esco/occupation/684fd8d5-9b40-4b02-a680-438f0082d923,nauczyciel akademicki
Occupation,http://data.europa.eu/esco/occupation/4f4d33a1-0b41-4dd9-8a42-aeba5a3974ab,inżynier technologii sensorów,released,,"Inżynierowie technologii sensorów projektują i opracowują czujniki, systemy czujników i produkty, które są wyposażone w czujniki. Planują i monitorują produkcję tych produktów.",http://data.europa.eu/esco/occupation/4d34a9ee-2653-4da0-bef7-f59294577224,inżynier elektronik
Occupation,http://data.europa.eu/esco/occupation/4f89b0d2-b666-4890-af01-25d1d60da1f3,politolog,released,specjalista polityki społecznej,"Politolodzy badają zachowania, działania i systemy polityczne, a także ich elementy składowe. Ich analiza tej dziedziny obejmuje od początków i ewolucji różnych systemów politycznych po aktualne zagadnienia, takie jak procesy decyzyjne, zachowania polityczne, tendencje polityczne, społeczeństwo i perspektywy w zakresie władzy. Doradzają rządom i organizacjom instytucjonalnym w kwestiach administracji.",http://data.europa.eu/esco/isco/C2633,"Filozofowie, historycy i politolodzy"
Occupation,http://data.europa.eu/esco/occupation/52ded7d7-11df-42e3-b90a-d7f4b70fb4b9,psycholog,released,psycholog biznesu | psychotraumatolog | psychoonkolog | psycholog sportowy | specjalista uzależnień od mediów cyfrowych | psycholog organizacji i reklamy | psycholog pracy | badacz nauk psychologicznych,"Psycholodzy badają zachowanie i procesy psychiczne ludzi. Pomagają osobom, które mają kłopoty ze zdrowiem psychicznym i problemy życiowe, takie jak żałoba, trudności w relacjach, przemoc domowa i wykorzystywanie seksualne. Zapewniają również doradztwo w kwestiach zdrowia psychicznego, takich jak zaburzenia odżywiania, zespół stresu pourazowego i psychoza, żeby pomóc pacjentom w rehabilitacji i wprowadzeniu zachowań zdrowych.",http://data.europa.eu/esco/isco/C2634,Psycholodzy
Occupation,http://data.europa.eu/esco/occupation/55167849-82cf-484e-b818-fa702a4e69e9,hydrolog,released,,"Hydrolodzy badają i studiują jakość, bieżące wyzwania i dystrybucję wody na ziemi. Studiują dostawy wody z rzek, strumieni i źródeł w celu ustalenia ich odpowiedniego i zrównoważonego użytkowania. Wraz z funkcjonalnym zespołem specjalistów planują i rozwijają, w jaki sposób woda może być dostarczana do miast i obszarów miejskich przy jednoczesnym zapewnieniu efektywności i ochrony zasobów.",http://data.europa.eu/esco/occupation/c6196b21-20f9-4608-83fb-6f143afc740d,geolog
Occupation,http://data.europa.eu/esco/occupation/557f9ccc-4e46-4bb2-8d20-272cd978b152,naukowiec w dziedzinie weterynarii,released,,"Naukowcy w dziedzinie weterynarii rozwijają i prowadzą badania na modelach zwierzęcych, porównują podstawową biologię zwierząt i przekładają wyniki badań na różne gatunki, w tym ludzi.",http://data.europa.eu/esco/isco/C2250,Lekarze weterynarii
Occupation,http://data.europa.eu/esco/occupation/55a785db-0636-41b8-950f-0b65abe5e81b,wykładowca akademicki w dziedzinie farmacji,released,pracownik naukowo-akademicki w dziedzinie farmacji,"Wykładowcy akademiccy w dziedzinie farmacji są profesorami, nauczycielami i wykładowcami uczącymi studentów, którzy uzyskali dyplom ukończenia szkoły średniej, w zakresie swojej wyspecjalizowanej dziedziny studiów – farmacji, która ma głównie charakter akademicki. Współpracują ze swoimi asystentami naukowymi i dydaktycznymi w celu przygotowania wykładów i egzaminów, przeprowadzania praktyk laboratoryjnych, oceniania testów i egzaminów oraz prowadzenia regularnych przeglądów i wymiany informacji zwrotnych dla studentów. Prowadzą również badania naukowe dziedzinie farmacji, publikują swoje ustalenia i współpracują z innymi pracownikami uczelni.",http://data.europa.eu/esco/occupation/684fd8d5-9b40-4b02-a680-438f0082d923,nauczyciel akademicki
Occupation,http://data.europa.eu/esco/occupation/574f3232-1d07-4034-8cac-c57ddbfff192,chemik medyczny,released,krystalograf,"Chemicy medyczni badają i opisują skład chemiczny substancji. Ponadto wyciągają oni wnioski związane z zachowaniem takich substancji w różnych warunkach. Chemicy medyczni odgrywają ważną rolę w badaniu relacji między chemią a środowiskiem, żywnością, paliwami oraz medycyną. Wykorzystują różne techniki, takie jak elektrochromatografia, chromatografia gazowa i wysokosprawna chromatografia cieczowa oraz spektroskopia.
	",http://data.europa.eu/esco/occupation/0d93706d-32fd-4de3-aa08-be1003e325da,chemik
Occupation,http://data.europa.eu/esco/occupation/57a12047-4f1e-40ed-add5-9736923f231b,astronom,released,astrofizyk,"Astronomowie wyszukują formacji, struktur, właściwości i rozwoju ciał niebieskich i materii międzygwiezdnej. Korzystają z urządzeń naziemnych i kosmicznych w celu gromadzenia danych na temat przestrzeni do celów badawczych.",http://data.europa.eu/esco/isco/C2111,Fizycy i astronomowie
Occupation,http://data.europa.eu/esco/occupation/59a02420-91df-4e46-b37b-22e3fd8c11f0,wykładowca akademicki w dziedzinie fizyki,released,pracownik naukowo-dydaktyczny w dziedzinie fizyki,"Wykładowcy akademiccy w dziedzinie fizyki są profesorami, nauczycielami i wykładowcami uczącymi studentów , którzy uzyskali dyplom ukończenia szkoły średniej, w zakresie swojej wyspecjalizowanej dziedziny studiów – fizyki, która ma głównie charakter akademicki. Współpracują ze swoimi asystentami naukowymi i dydaktycznymi w celu przygotowania wykładów i egzaminów, przeprowadzania praktyk laboratoryjnych, oceniania testów i egzaminów oraz prowadzenia regularnych przeglądów i wymiany informacji zwrotnych dla studentów. Prowadzą również badania naukowe w dziedzinie fizyki, publikują swoje ustalenia i współpracują z innymi pracownikami uczelni.",http://data.europa.eu/esco/occupation/684fd8d5-9b40-4b02-a680-438f0082d923,nauczyciel akademicki
Occupation,http://data.europa.eu/esco/occupation/5a282a39-5346-454a-b1ef-c1217c50e156,doradca do spraw doskonalenia procesów edukacyjnych,released,andragog | specjalista do spraw zarządzania w oświacie,"Doradcy do spraw doskonalenia procesów edukacyjnych wykonują badania w dziedzinie edukacji. Dążą do poszerzenia wiedzy na temat tego, jak procesy edukacyjne, systemy edukacyjne i osoby (nauczyciele i osoby uczące się) pracują. Przewidują obszary, w których można wprowadzić ulepszenia i opracowują plany wdrożenia innowacji. Doradzają pracodawcom i decydentom w kwestiach związanych z edukacją i pomagają w planowaniu polityki edukacyjnej.",http://data.europa.eu/esco/isco/C2351,Specjaliści metod nauczania
Occupation,http://data.europa.eu/esco/occupation/5ac65daa-0896-4193-9f0e-8b00746b78a1,asystent naukowy,released,,"Asystenci naukowi prowadzą badania akademickie w imieniu uniwersytetu, w którym są zatrudnieni. Mogą asystować profesorem ze swojego wydziału, swoim przełożonym w badaniach w celu rozwinięcia obszaru badań danego profesora.",http://data.europa.eu/esco/occupation/684fd8d5-9b40-4b02-a680-438f0082d923,nauczyciel akademicki
Occupation,http://data.europa.eu/esco/occupation/5fdfa822-c1ba-477e-87cc-3d742e59310d,wykładowca akademicki w dziedzinie nauk biologicznych,released,pracownik naukowo-dydaktyczny w dziedzinie biologii,"Wykładowcy akademiccy w dziedzinie nauk biologicznych są profesorami, nauczycielami i wykładowcami uczącymi studentów, którzy uzyskali dyplom ukończenia szkoły średniej, w zakresie swojej wyspecjalizowanej dziedziny studiów, biologii. Współpracują ze swoimi asystentami naukowymi i dydaktycznymi w celu przygotowania wykładów i egzaminów, przeprowadzania praktyk laboratoryjnych, oceniania testów i egzaminów oraz prowadzenia regularnych przeglądów i wymiany informacji zwrotnych dla studentów. Prowadzą również badania naukowe w dziedzinie biologii, publikują swoje ustalenia i współpracują z innymi pracownikami uczelni.",http://data.europa.eu/esco/occupation/684fd8d5-9b40-4b02-a680-438f0082d923,nauczyciel akademicki
Occupation,http://data.europa.eu/esco/occupation/605e58d6-ad27-4828-b1f5-16707f327fa0,wykładowca akademicki w dziedzinie studiów edukacyjnych,released,wykładowca akademicki w dziedzinie  studiów edukacyjnych | wykładowca akademicki w dziedzinie pedagogiki,"Wykładowcy akademiccy w dziedzinie studiów edukacyjnych są profesorami, nauczycielami i wykładowcami uczącymi studentów, którzy instruują studentów, którzy uzyskali dyplom ukończenia szkoły średniej, w zakresie swojej wyspecjalizowanej dziedziny studiów – studiów edukacyjnych, tak aby mogli zostać nauczycielami. Współpracują ze swoimi asystentami naukowymi i dydaktycznymi w celu przygotowania wykładów i egzaminów, oceniania testów i egzaminów oraz prowadzenia regularnych przeglądów i wymiany informacji zwrotnych dla studentów.",http://data.europa.eu/esco/occupation/684fd8d5-9b40-4b02-a680-438f0082d923,nauczyciel akademicki
Occupation,http://data.europa.eu/esco/occupation/6140be85-2d45-44b2-b0ba-412aadcead1e,genetyk,released,,"Genetycy badają i skupiają się na genetyce. Analizują oni, w jaki sposób geny współdziałają, działają i dziedziczą cechy i znaki charakterystyczne. Opierając się na swoich badaniach, biorą do udziału pacjentów z dziedziczeniem chorób i stanów, wrodzonych wad rozwojowych i wad genetycznych.",http://data.europa.eu/esco/occupation/eee68e13-8248-43bb-a9fb-959832a6c217,biolog
Occupation,http://data.europa.eu/esco/occupation/66527cdc-b7a5-4996-9448-7e327b68d08d,wykładowca akademicki w zakresie dyscyplin artystycznych,released,,"Wykładowcy akademiccy w zakresie dyscyplin artystycznych są profesorami, nauczycielami i wykładowcami uczącymi studentów, którzy uzyskali dyplom ukończenia szkoły średniej, w zakresie swojej wyspecjalizowanej dziedziny studiów, sztuki, która ma głównie charakter akademicki. Współpracują ze swoimi asystentami naukowymi i dydaktycznymi w celu przygotowania wykładów i egzaminów, oceniania testów i egzaminów oraz prowadzenia regularnych przeglądów i wymiany informacji zwrotnych dla studentów. Prowadzą również badania naukowe w dziedzinie sztuki, publikują swoje ustalenia i współpracują z innymi pracownikami uczelni.",http://data.europa.eu/esco/occupation/684fd8d5-9b40-4b02-a680-438f0082d923,nauczyciel akademicki
Occupation,http://data.europa.eu/esco/occupation/684fd8d5-9b40-4b02-a680-438f0082d923,nauczyciel akademicki,released,wykładowca akademicki | wykładowca akademicki  w dziedzinie nauk technicznych | wykładowca akademicki  w dziedzinie nauk wojskowych | wykładowca akademicki  w dziedzinie nauk rolniczych | wykładowca akademicki  w dziedzinie nauk leśnych | wykładowca akademicki  w dziedzinie nauk o kulturze fizycznej | wykładowca akademicki  w dziedzinie nauk humanistycznych | wykładowca akademicki  w dziedzinie nauk matematycznych,"Nauczyciele akademiccy uczą studentów, którzy uzyskali dyplom ukończenia szkoły średniej, w zakresie swojej wyspecjalizowanej dziedziny studiów, która ma głównie charakter akademicki. Mogą oni posiadać tytuły zawodowe, takie jak starszy wykładowca lub profesor. Współpracują ze swoimi asystentami naukowymi asystentami dydaktycznymi w celu przygotowania wykładów i egzaminów, do klasyfikowania dokumentów i egzaminów, do prowadzenia praktyk laboratoryjnych, a także do prowadzenia regularnych przeglądów i wymiany informacji zwrotnych dla studentów. Prowadzą również badania naukowe w swojej dziedzinie, publikują swoje ustalenia i współpracują z innymi pracownikami uczelni.",http://data.europa.eu/esco/isco/C2310,Nauczyciele akademiccy
Occupation,http://data.europa.eu/esco/occupation/68d973df-bf10-4bf7-9a1b-fbd9f604b9db,bioinformatyk,released,,"Bioinformatycy analizują procesy biologiczne wykorzystujące programy komputerowe. Utrzymują lub budują bazy danych zawierające informacje biologiczne. Bioinformatycy zbierają i analizują dane biologiczne, a także pomagają naukowcom w różnych dziedzinach, w tym w dziedzinie biotechnologii i farmacji. Prowadzą badania naukowe i analizy statystyczne oraz składają sprawozdania ze swoich ustaleń. Bioinformatycy mogą również gromadzić próbki DNA, odkryć wzorce danych i prowadzić badania genetyczne.",http://data.europa.eu/esco/isco/C2131,"Biolodzy, botanicy, zoolodzy i specjaliści nauk pokrewnych"
Occupation,http://data.europa.eu/esco/occupation/68f4fdd9-182c-4c0d-a73d-f767b8a8355e,specjalista ds. akwakultury,released,,"Specjaliści ds. akwakultury stosują wiedzę zdobytą dzięki badaniom dotyczącym zwierząt wodnych i roślin wodnych oraz ich wzajemnym interakcjom i środowisku, w celu poprawy produkcji w sektorze akwakultury, zapobiegania problemom związanym ze zdrowiem zwierząt i ochroną środowiska oraz w celu znalezienia w razie potrzeby rozwiązań.",http://data.europa.eu/esco/occupation/eee68e13-8248-43bb-a9fb-959832a6c217,biolog
Occupation,http://data.europa.eu/esco/occupation/6cd08cbe-7611-4d70-8886-6c59c0385442,badacz nauki o komunikowaniu,released,komunikolog społeczny | komunikolog,"Badacze nauki o komunikowaniu badają różne aspekty planowania, gromadzenia, tworzenia, organizowania, zachowywania, wykorzystywania, oceny i wymiany informacji w formie werbalnej i niewerbalnej. Badają interakcje między grupami, osobami fizycznymi i jednostkami wykorzystującymi technologie (robotami).",http://data.europa.eu/esco/occupation/acf69cab-8629-45c8-ae10-c8fb15f474b6,antropolog
Occupation,http://data.europa.eu/esco/occupation/6d421d34-baa1-44f9-9ea0-231d76e325fd,religioznawca,released,teolog,"Religioznawcy badają pojęcia związane z religiami, przekonaniami i duchowością. Definiują moralność i etykę w sposób racjonalny, badając pisma, religię, dyscyplinę i prawo boże.",http://data.europa.eu/esco/isco/C2636,Specjaliści z zakresu działalności religijnej
Occupation,http://data.europa.eu/esco/occupation/6df6c5cb-c1a2-42c8-acd0-1ee5563c36c1,biochemik,released,biotechnolog,Biochemicy studiują i przeprowadzają badania reakcji wywołanych przez substancje chemiczne w organizmach żywych. Obejmuje to prowadzenie badań nad rozwojem lub poprawą produktów na bazie substancji chemicznych (np. leków) mających na celu poprawę zdrowia żywych organizmów i lepsze zrozumienie ich reakcji.,http://data.europa.eu/esco/occupation/eee68e13-8248-43bb-a9fb-959832a6c217,biolog
Occupation,http://data.europa.eu/esco/occupation/6e92d4b5-3167-4166-802f-da7753951a31,konsultant ds. badań technologii informacyjno-telekomunikacyjnych,released,konsultant ds. badań technologii ICT | konsultanci ds. badań technologii informacyjno-telekomunikacyjnych | konsultant ds. badań technologii informacyjno-telekomunikacyjnej | konsultant ds. badań TIK | konsultant ds. badań technologii informacyjnej i telekomunikacyjnej | konsultant ds. badań technologii informatycznych | konsultant ds. badań technologii informacyjnych i telekomunikacyjnych,"Konsultanci ds. badań technologii informacyjno-telekomunikacyjnych prowadzą ukierunkowane badania w dziedzinie TIK i przedstawiają klientowi sprawozdanie końcowe. Wykorzystują również narzędzia TIK do opracowania kwestionariuszy do badań, analizują wyniki, sporządzają sprawozdania, przedstawiają wyniki i formułują zalecenia na podstawie wyników badań.",http://data.europa.eu/esco/isco/C2511,Analitycy systemów komputerowych
Occupation,http://data.europa.eu/esco/occupation/71f09c8b-a172-408c-b9e7-32e580e39ff6,lekarz podstawowej opieki zdrowotnej,released,,"Lekarze podstawowej opieki zdrowotnej promują zdrowie, zapobiegają, identyfikują choroby, diagnozują i leczą choroby oraz wspierają dochodzenie do siebie po chorobach fizycznych i psychicznych oraz zaburzeniach zdrowia wszelkiego rodzaju w odniesieniu do wszystkich osób bez względu na wiek, płeć lub rodzaj problemu zdrowotnego.",http://data.europa.eu/esco/isco/C2211,Lekarze bez specjalizacji lub w trakcie specjalizacji
Occupation,http://data.europa.eu/esco/occupation/72628f3a-fd49-499a-9741-870b0a1fcef2,matematyk,released,,"Matematycy studiują i pogłębiają istniejące teorie matematyczne w celu poszerzenia wiedzy i znalezienia nowych paradygmatów w tej dziedzinie. Mogą oni stosować tę wiedzę do wyzwań związanych z projektami inżynieryjnymi i naukowymi w celu zagwarantowania, że pomiary, ilości i prawa matematyczne okażą się wykonalne.",http://data.europa.eu/esco/isco/C2120,"Matematycy, aktuariusze i statystycy"
Occupation,http://data.europa.eu/esco/occupation/73ceb2f9-18e3-4cfe-9c06-e9fb31ece440,kierownik ds. badań i rozwoju,released,dyrektor do spraw badawczo-rozwojowych,"Kierownicy ds. badań i rozwoju koordynują wysiłki naukowców, badaczy akademickich, podmiotów opracowujących produkt i badaczy rynku w celu tworzenia nowych produktów, poprawy obecnych lub innych działań badawczych, w tym badań naukowych. Zarządzają działaniami i planują działania w zakresie badań i rozwoju organizacji, określają cele i wymogi budżetowe oraz zarządzają personelem.",http://data.europa.eu/esco/isco/C1223,Kierownicy do spraw badań i rozwoju
Occupation,http://data.europa.eu/esco/occupation/778c1d37-69f2-4184-ac98-03b7dbfba332,inżynier fotoniki,released,inżynier fotonik,"Inżynierowie fotoniki zajmują się wytwarzaniem, przesyłem, przekształcaniem i wykrywaniem światła. Prowadzą badania, projektują, zbierają, testują i rozmieszczają komponenty lub systemy fotoniczne w wielu polach użytkowych, od łączności optycznej do przyrządów medycznych, przetwarzania materiału lub techniki czujnikowej.",http://data.europa.eu/esco/occupation/ab3c4d3e-3189-47ad-82af-57cdae3cb589,inżynier optyk
Occupation,http://data.europa.eu/esco/occupation/77abfaec-a250-4765-95fa-6091e8da1bba,inżynier elektromechanik,released,,"Inżynierowie elektromechanicy projektują i opracowują sprzęt i maszyny wykorzystujące zarówno technologię elektryczną, jak i mechaniczną. Wykonują szkice i przygotowują dokumenty określające zamówienia materiałowe, proces montażu i inne specyfikacje techniczne. Inżynierowie elektromechanicy badają i oceniają prototypy. Nadzorują proces wytwarzania.",http://data.europa.eu/esco/occupation/86ca306c-ab99-420a-9e2a-aa73c5c4de22,inżynier elektryk
Occupation,http://data.europa.eu/esco/occupation/7c132147-428b-4ea3-87e1-70f7abb691ce,farmaceuta,released,farmaceuta - specjalista toksykologii | specjalista radiofarmacji | farmacuta - specjalista analityki farmceutycznej | farmaceuta - specjalista farmacji aptecznej | farmaceuta - specjalista leku roślinnego | farmaceuta- specjalista  mikrobiologii i  biotechnologii  farmaceutycznej,"Farmaceuci przygotowują, wydają i zapewniają recepty i leki bez recepty. Oferują pacjentom informacje kliniczne na temat leków, zgłaszają podejrzewane działania niepożądane, a także zapewniają zindywidualizowane wsparcie pacjentom. Farmaceuci formułują i testują leki w laboratoriach oraz przechowują, konserwują i dystrybuują je.",http://data.europa.eu/esco/isco/C2262,Farmaceuci
Occupation,http://data.europa.eu/esco/occupation/7dea476a-dffe-4919-9ee2-fb222e283f41,wykładowca akademicki w dziedzinie psychologii,released,pracownik naukowo-dydaktyczny w dziedzinie psychologii,"Wykładowcy akademiccy w dziedzinie psychologii są profesorami, nauczycielami i wykładowcami uczącymi studentów, którzy uzyskali dyplom ukończenia szkoły średniej, uczący studentów w zakresie swojej wyspecjalizowanej dziedziny studiów – psychologii, która ma głównie charakter akademicki. Współpracują ze swoimi asystentami naukowymi i dydaktycznymi w celu przygotowania wykładów i egzaminów, oceniania testów i egzaminów oraz prowadzenia regularnych przeglądów i wymiany informacji zwrotnych dla studentów. Prowadzą również badania naukowe dziedzinach psychologii, publikują swoje ustalenia i współpracują z innymi pracownikami uczelni.",http://data.europa.eu/esco/occupation/684fd8d5-9b40-4b02-a680-438f0082d923,nauczyciel akademicki
Occupation,http://data.europa.eu/esco/occupation/7f0fe7d3-54c6-41e9-88ba-9d4f0f1a46b4,inżynier elektroniki mikrosystemów,released,inżynier systemów mikroelektromechanicznych,"Inżynierowie elektroniki mikrosystemów projektują, opracowują i nadzorują wytwarzanie mikroukładów elektromechanicznych, które mogą być zintegrowane z produktami mechanicznymi, optycznymi, akustycznymi i elektronicznymi.",http://data.europa.eu/esco/occupation/4d34a9ee-2653-4da0-bef7-f59294577224,inżynier elektronik
Occupation,http://data.europa.eu/esco/occupation/7f2761eb-4edc-48ad-9fbf-eed0a0db9a21,fizyk,released,ekonofizyk | biofizyk | fizyk nuklearny | fizyk medyczny,"Fizycy to naukowcy badający zjawiska fizyczne. Koncentrują swoje badania w zależności od ich specjalizacji, która może sięgać od fizyki cząstek jądrowych do badania zjawisk zachodzących we wszechświecie. Stosują swoje ustalenia w celu poprawy społeczeństwa, przyczyniając się do rozwoju dostaw energii, leczenia chorób, rozwoju gier, najnowocześniejszych urządzeń oraz przedmiotów codziennego użytku.",http://data.europa.eu/esco/isco/C2111,Fizycy i astronomowie
Occupation,http://data.europa.eu/esco/occupation/82e37849-30ec-4461-a40e-263d4c984f88,paleontolog,released,,"Paleontolodzy badają i analizują formy życia w czasach starożytnych na Ziemi. Dążą oni do określenia ścieżki ewolucji i interakcji z różnymi obszarami geologicznymi wszystkich rodzajów organizmów i roślin, pyłków i zarodników, bezkręgowców i kręgowców, ludzi, śladów takich jak odciski stopy oraz ekologia i klimat.",http://data.europa.eu/esco/occupation/c6196b21-20f9-4608-83fb-6f143afc740d,geolog
Occupation,http://data.europa.eu/esco/occupation/86a0c9ab-c3fa-41a3-ad3e-d0083036b3d6,mineralog,released,,"Mineralodzy badają skład, strukturę i inne fizyczne aspekty ziemi. Analizują oni różne minerały i wykorzystują sprzęt naukowy do określania ich struktury i właściwości. Ich praca koncentruje się głównie na klasyfikacji i identyfikacji minerałów poprzez pobieranie próbek i przeprowadzanie dalszych testów, analiz i badań.",http://data.europa.eu/esco/isco/C2114,Geolodzy i geofizycy
Occupation,http://data.europa.eu/esco/occupation/89b87aa2-4008-4cc7-96f8-e2b5ffe59f28,ekolog,released,,"Ekolodzy dokonują oceny stanu zdrowia i rozmieszczenia organizmów, a mianowicie ludzi, roślin i zwierząt, oraz relacji między organizmami a ich środowiskiem. Ekolodzy zazwyczaj dysponują obszarem specjalizacji, np. słodkowodnym, morskim, lądowym, fauną i florą, na temat których prowadzą badania i wykonują swoje zadania. ",http://data.europa.eu/esco/isco/C2133,Specjaliści do spraw ochrony środowiska
Occupation,http://data.europa.eu/esco/occupation/8b128a08-606f-4bb1-806e-07e0ed98b40e,wykładowca akademicki w dziedzinie nauk o przestrzeni kosmicznej,released,pracownik naukowo-dydaktyczny w dziedzinie nauk o przestrzeni kosmicznej,"Wykładowcy akademiccy w dziedzinie nauk o przestrzeni kosmicznej są profesorami, nauczycielami i wykładowcami uczącymi studentów, którzy uzyskali dyplom ukończenia szkoły średniej, w zakresie swojej wyspecjalizowanej dziedziny studiów – dziedziny nauk o przestrzeni kosmicznej, która ma głównie charakter akademicki. Współpracują ze swoimi asystentami naukowymi i dydaktycznymi w celu przygotowania wykładów i egzaminów, oceniania testów oraz prowadzenia regularnych przeglądów i wymiany informacji zwrotnych dla studentów. Prowadzą również badania naukowe w dziedzinie przestrzeni kosmicznej, publikują swoje ustalenia i współpracują z innymi pracownikami uczelni.",http://data.europa.eu/esco/occupation/684fd8d5-9b40-4b02-a680-438f0082d923,nauczyciel akademicki
Occupation,http://data.europa.eu/esco/occupation/8c0f59c9-9a47-42e7-8287-aab19df4e6ab,inżynier mikroelektroniki,released,inżynier mikroelektronik,"Inżynierowie mikroelektroniki projektują, opracowują i nadzorują produkcję małych urządzeń elektronicznych i podzespołów, takich jak mikroprocesory i układy scalone.",http://data.europa.eu/esco/occupation/4d34a9ee-2653-4da0-bef7-f59294577224,inżynier elektronik
Occupation,http://data.europa.eu/esco/occupation/920c22e1-10a1-4afa-86b3-c43da8488391,doradca–wykładowca akademicki w zakresie pracy socjalnej,released,,"Doradcy-wykładowcy akademiccy w zakresie pracy socjalnej są specjalistami, którzy pełnią podwójną rolę: z jednej strony stosują dyscyplinę akademicką, która świadczy usługi społeczne, takie jak doradztwo, terapia lub rzecznictwo, osobom lub grupom osób, a z drugiej strony są częścią środowiska akademickiego zapewniającego kształcenie zawodowe, angażując się również w rozwój badań i wiedzy, wnosząc wkład w rozwiązania dotyczące złożonych problemów społecznych i innowacyjnych podejść mających na celu poprawę tych problemów. Uczą oni wiedzy na temat pracy socjalnej, umiejętności i wartości potrzebnych do przygotowania studentów do angażowania się w praktyki pracy socjalnej oparte na kompetencjach kulturowych z różnymi populacjami i społecznościami.",http://data.europa.eu/esco/occupation/684fd8d5-9b40-4b02-a680-438f0082d923,nauczyciel akademicki
Occupation,http://data.europa.eu/esco/occupation/92bb3d8c-8a9f-4cd7-80ec-247bbf173004,inżynier sprzętu komputerowego,released,,"Inżynierowie sprzętu komputerowego projektują i opracowują systemy i elementy sprzętu komputerowego, takie jak obwody, modemy i drukarki. Opracowują plany działania i rysunki montażowe, opracowują i testują prototypy i nadzorują proces produkcji.",http://data.europa.eu/esco/occupation/4d34a9ee-2653-4da0-bef7-f59294577224,inżynier elektronik
Occupation,http://data.europa.eu/esco/occupation/9766cc19-5a64-4b3c-a741-71561285a419,wykładowca akademicki w dziedzinie antropologii,released,pracownik naukowo-dydaktyczny w dziedzinie antropologii,"Wykładowcy akademiccy w dziedzinie antropologii są profesorami, nauczycielami i wykładowcami uczącymi studentów, którzy uzyskali dyplom ukończenia szkoły średniej, w zakresie swojej wyspecjalizowanej dziedziny studiów – antropologii, która ma głównie charakter akademicki. Współpracują ze swoimi asystentami naukowymi i dydaktycznymi w celu przygotowania wykładów i egzaminów, oceniania testów i egzaminów oraz prowadzenia regularnych przeglądów i wymiany informacji zwrotnych dla studentów. Prowadzą również badania naukowe w dziedzinie antropologii, publikują swoje ustalenia i współpracują z innymi pracownikami uczelni.",http://data.europa.eu/esco/occupation/684fd8d5-9b40-4b02-a680-438f0082d923,nauczyciel akademicki
Occupation,http://data.europa.eu/esco/occupation/9851c83c-5670-4da0-964a-1ef0e682e30b,tanatolog,released,,"Tanatolodzy badają zjawisko śmiercią i umierania w różnych wymiarach, takich jak psychologia, socjologia, fizjologia i antropologia. Przyczyniają się do zwiększenia stanu wiedzy na temat aspektów zgonu, takich jak zjawiska psychiczne, których doświadczają osoby umierające i osoby im towarzyszące.",http://data.europa.eu/esco/isco/C2632,"Socjolodzy, antropolodzy i specjaliści w dziedzinach pokrewnych"
Occupation,http://data.europa.eu/esco/occupation/9905cc76-d48b-49b1-94ab-17becb30be1a,wykładowca akademicki w zakresie wiedzy o żywieniu,released,pracownik naukowo-dydaktyczny w zakresie wiedzy o żywieniu,"Wykładowcy akademiccy w zakresie wiedzy o żywieniu są profesorami, nauczycielami i wykładowcami uczącymi studentów, którzy uzyskali dyplom ukończenia szkoły średniej, w zakresie swojej wyspecjalizowanej dziedziny studiów – dziedziny wiedzy o żywieniu, która ma głównie charakter akademicki. Współpracują ze swoimi asystentami naukowymi i dydaktycznymi w celu przygotowania wykładów i egzaminów, oceniania testów i egzaminów oraz prowadzenia regularnych przeglądów i wymiany informacji zwrotnych dla studentów. Prowadzą również badania naukowe w dziedzinie nauk o żywieniu, publikują swoje ustalenia i współpracują z innymi pracownikami uczelni.",http://data.europa.eu/esco/occupation/684fd8d5-9b40-4b02-a680-438f0082d923,nauczyciel akademicki
Occupation,http://data.europa.eu/esco/occupation/99492920-e5a5-4dba-9e5a-93193147198c,ekonomista,released,ekonofizyk | ekonomista społeczny | ekonomistka | ekonometryk | analityk makroekonomiczny,"Ekonomiści prowadzą badania i opracowują teorie w dziedzinie ekonomii (zarówno analizy mikroekonomiczne, jak i makroekonomiczne). Analizują tendencje i dane statystyczne oraz w pewnym stopniu pracują z ekonomicznymi modelami matematycznymi, żeby doradzać przedsiębiorstwom, rządom i instytucjom powiązanym. Udzielają porad w zakresie wykonalności produktu, tendencji prognoz, rynków wschodzących, polityk podatkowych i tendencji w konsumpcji.",http://data.europa.eu/esco/isco/C2631,Ekonomiści
Occupation,http://data.europa.eu/esco/occupation/9a7e780a-b778-4a5a-b4eb-309d394d313d,wykładowca naukowy w dziedzinie literaturoznawstwa,released,wykładowca naukowy w dziedzinie nauk humanistycznych | pracownik naukowo-dydaktyczny w dziedzinie literaturoznawstwa,"Wykładowcy akademiccy w dziedzinie literaturoznawstwa są profesorami, nauczycielami i wykładowcami uczącymi studentów, którzy uzyskali dyplom ukończenia szkoły średniej, w zakresie swojej wyspecjalizowanej dziedziny studiów – literatury, która ma głównie charakter akademicki. Współpracują ze swoimi asystentami naukowymi i dydaktycznymi w celu przygotowania wykładów i egzaminów, oceniania testów i egzaminów oraz prowadzenia regularnych przeglądów i wymiany informacji zwrotnych dla studentów. Prowadzą również badania naukowe dziedzinie literatury, publikują swoje ustalenia i współpracują z innymi pracownikami uczelni.",http://data.europa.eu/esco/occupation/684fd8d5-9b40-4b02-a680-438f0082d923,nauczyciel akademicki
Occupation,http://data.europa.eu/esco/occupation/9b889f07-c39c-464d-b9d9-b2daa650f9ac,lekarz – specjalista,released,,"Lekarze specjaliści zapobiegają, diagnozują i leczą choroby w zależności od ich specjalizacji medycznej lub chirurgicznej.",http://data.europa.eu/esco/isco/C2212,Lekarze specjaliści
Occupation,http://data.europa.eu/esco/occupation/a36c14e6-ed96-467d-8390-6f9cf47ac350,wykładowca akademicki w dziedzinie historii,released,pracownik naukowo-dydaktyczny w dziedzinie historii,"Wykładowcy akademiccy w dziedzinie historii są profesorami, nauczycielami i wykładowcami uczącymi studentów, którzy uzyskali dyplom ukończenia szkoły średniej, w zakresie swojej wyspecjalizowanej dziedziny studiów – historii, która ma głównie charakter akademicki. Współpracują ze swoimi asystentami naukowymi i dydaktycznymi w celu przygotowania wykładów i egzaminów, oceniania testów i egzaminów oraz prowadzenia regularnych przeglądów i wymiany informacji zwrotnych dla studentów. Prowadzą również badania naukowe w dziedzinie historii, publikują swoje ustalenia i współpracują z innymi pracownikami uczelni.",http://data.europa.eu/esco/occupation/684fd8d5-9b40-4b02-a680-438f0082d923,nauczyciel akademicki
Occupation,http://data.europa.eu/esco/occupation/a63733fa-f7ff-4733-8961-1ec4eeaab00b,muzealnik,released,pracownik muzeum,"Muzealnicy zajmują się prowadzeniem prac kuratorskich, przygotowawczych i administracyjnych lub zarządzaniem takimi pracami w muzeach o profilu ogólnym, ogrodach botanicznych, galeriach sztuki, zbiorach sztuki, akwariach i podobnych obiektach. Zarządzają zbiorami przyrodniczymi, historycznymi i antropologicznymi o charakterze edukacyjnym, naukowym lub estetycznym.
	",http://data.europa.eu/esco/isco/C2621,Archiwiści i muzealnicy
Occupation,http://data.europa.eu/esco/occupation/a7a74a05-3dd0-46c6-99af-92df8042520c,mikrobiolog,released,wirolog | histolog | bakteriolog,"Mikrobiolodzy studiują i prowadzą badania dotyczące form życia, cech i procesów mikroskopowych organizmów. Uczą się mikroorganizmów, takich jak bakterie, pierwotniaki, grzyby itp., w celu diagnozowania i przeciwdziałania skutkom, jakie te mikroorganizmy mogą wywołać u zwierząt, w środowisku, w przemyśle spożywczym lub w sektorze opieki zdrowotnej.
	",http://data.europa.eu/esco/occupation/eee68e13-8248-43bb-a9fb-959832a6c217,biolog
Occupation,http://data.europa.eu/esco/occupation/a9c7a04d-807a-41b5-b441-87c73c73c9c5,filolog,released,terminolog | romanista | indolog | filolog romański | germanista | filolog germański | arabista | językoznawca | afrykanista | hispanista | romanistka | bałtolog | hispanistka | lingwista | lingwistka | iberystka | iberysta | filolog angielski | afrykanistka | bałtystka | japonista | anglistka | slawistka | lingwista komputerowy | hellenista | germanistka | filolog języka nowożytnego | fonetyk | anglista | filolog polski | slawista | polonista | sinolog | filolog klasyczny | polonistka | skandynawista | amerykanista | bałtysta | koreanista,"Filolodzy zajmują się naukowo językami. Opanowują języki i potrafią je interpretować pod względem cech gramatycznych, semantycznych i fonetycznych. Badają ewolucję języka i sposób jego wykorzystania przez społeczeństwa.",http://data.europa.eu/esco/isco/C2643,Filolodzy i tłumacze
Occupation,http://data.europa.eu/esco/occupation/ab360abd-32e2-4e03-967d-a10758efffa7,inżynier mechatronik,released,inżynier cybernetyk,"Inżynierowie mechatronicy projektują i opracowują inteligentne systemy, takie jak urządzenia robotyczne, inteligentne urządzenia gospodarstwa domowego i samoloty, poprzez łączenie technologii z inżynierii mechanicznej, elektronicznej, informatycznej i techniki regulacji. Tworzą plany działania lub przygotowują dokumenty dla części, zespołów lub gotowych produktów przy użyciu oprogramowania, a także nadzorują projekty i zarządzają nimi.",http://data.europa.eu/esco/occupation/579254cf-6d69-4889-9000-9c79dc568644,inżynier mechanik
Occupation,http://data.europa.eu/esco/occupation/ab3c4d3e-3189-47ad-82af-57cdae3cb589,inżynier optyk,released,inżynier optyki,"Inżynierowie optycy projektują i opracowują różne zastosowania przemysłowe z optyką. Posiadają wiedzę na temat lekkich zasad transmisji oraz optyki w celu projektowania elementów konstrukcyjnych urządzeń, takich jak mikroskopy, obiektywy, teleskopy i inne urządzenia optyczne.",http://data.europa.eu/esco/isco/C2149,Inżynierowie gdzie indziej niesklasyfikowani
Occupation,http://data.europa.eu/esco/occupation/ac8b3cd1-a127-4e6a-8208-5cfcf7111955,statystyk,released,,"Statystycy gromadzą, ujmują w tabelę i, przede wszystkim, analizują informacje ilościowe pochodzące z różnych dziedzin. Interpretują i analizują badania statystyczne dotyczące takich dziedzin, jak zdrowie, demografia, finanse, przedsiębiorstwa itp., oraz doradzają w oparciu o wzorce i przygotowaną analizę.",http://data.europa.eu/esco/isco/C2120,"Matematycy, aktuariusze i statystycy"
Occupation,http://data.europa.eu/esco/occupation/acf69cab-8629-45c8-ae10-c8fb15f474b6,antropolog,released,mediator kulturowy | religioznawca | muzykolog | etnolog | antropolog biologiczny | paleoantropolog | badacz gender | etnograf | antropolog społeczno-kulturowy | teatrolog | kulturoznawca | antropolog społeczny | antropolog kulturowy | antropolog języka | antropolog sądowy,"Antropolodzy badają wszystkie aspekty życia związane z człowiekiem. Badają różne dawne cywilizacje oraz ich sposoby organizacji. Podejmują próby analizy aspektów fizycznych, społecznych, językowych, politycznych, gospodarczych, filozoficznych i kulturowych różnych grup. Celem ich badań jest zrozumienie i opisanie przeszłości ludzkości oraz rozwiązanie aktualnych problemów społecznych. Badają różne perspektywy, takie jak antropologia filozoficzna.",http://data.europa.eu/esco/isco/C2632,"Socjolodzy, antropolodzy i specjaliści w dziedzinach pokrewnych"
Occupation,http://data.europa.eu/esco/occupation/ae2c1bf4-669e-4fec-a7d7-698753699083,wykładowca akademicki w dziedzinie filozofii,released,pracownik naukowo-dydaktyczny w dziedzinie filozofii,"Wykładowcy akademiccy w dziedzinie filozofii są profesorami, nauczycielami i wykładowcami uczącymi studentów, którzy uzyskali dyplom ukończenia szkoły średniej, w zakresie swojej wyspecjalizowanej dziedziny studiów – filozofii, która ma głównie charakter akademicki. Współpracują ze swoimi asystentami naukowymi i dydaktycznymi w celu przygotowania wykładów i egzaminów, oceniania testów i egzaminów oraz prowadzenia regularnych przeglądów i wymiany informacji zwrotnych dla studentów. Prowadzą również badania naukowe w dziedzinie filozofii, publikują swoje ustalenia i współpracują z innymi pracownikami uczelni.",http://data.europa.eu/esco/occupation/684fd8d5-9b40-4b02-a680-438f0082d923,nauczyciel akademicki
Occupation,http://data.europa.eu/esco/occupation/ae8b19cc-8c6e-4a16-ada2-c15f97ded133,inżynier optomechaniki,released,,"Inżynierowie optomechaniki projektują i opracowujący układy, urządzenia i elementy optomechaniczne, takie jak zwierciadła optyczne i elementy optyczne. Inżynierowie optomechaniki łączą inżynierię optyczną z mechaniczną tych systemów i urządzeń. Prowadzą badania, przeprowadzają analizy, testują urządzenia i nadzorują badania.",http://data.europa.eu/esco/occupation/579254cf-6d69-4889-9000-9c79dc568644,inżynier mechanik
Occupation,http://data.europa.eu/esco/occupation/b0f3f595-4965-4f13-ba5c-f6049b62469f,specjalista w dziedzinie biometrii,released,,"Specjaliści w dziedzinie biometrii prowadzą badania w dziedzinie biometrii. Prowadzą statystyczne lub biologiczne projekty badawcze poprzez pomiar odcisków palców, siatkówki i postaci ludzkich do zastosowań medycznych lub przemysłowych.",http://data.europa.eu/esco/occupation/ac8b3cd1-a127-4e6a-8208-5cfcf7111955,statystyk
Occupation,http://data.europa.eu/esco/occupation/b2cede50-82bb-4684-9f11-1930e12ad672,inżynier energetyki,released,doradca ds. efektywności energetycznej,"Inżynierowie energetyki opracowują nowe, wydajne i czyste sposoby wytwarzania, przekształcania i dystrybucji energii w celu poprawy zrównoważenia środowiskowego i efektywności energetycznej. Pobierają energię za pośrednictwem zasobów naturalnych, takich jak ropa naftowa lub gaz, lub źródeł odnawialnych i zrównoważonych, takich jak energia wiatru lub energia słoneczna. ",http://data.europa.eu/esco/isco/C2149,Inżynierowie gdzie indziej niesklasyfikowani
Occupation,http://data.europa.eu/esco/occupation/b3ebf55f-5e50-4262-946a-f08d7fbe29b2,wykładowca akademicki w dziedzinie ochrony zdrowia,released,pracownik naukowo-dydaktyczny w dziedzinie ochrony zdrowia,"Wykładowcy akademiccy w dziedzinie ochrony zdrowia są profesorami, nauczycielami i wykładowcami uczącymi studentów, którzy uzyskali dyplom ukończenia szkoły średniej, w zakresie swojej wyspecjalizowanej dziedziny studiów – ochrony zdrowia, która ma głównie charakter akademicki. Współpracują ze swoimi asystentami naukowymi i dydaktycznymi w celu przygotowania wykładów i egzaminów, do klasyfikowania dokumentów i egzaminów, do prowadzenia praktyk laboratoryjnych, a także do prowadzenia regularnych przeglądów i wymiany informacji zwrotnych dla studentów. Prowadzą również badania naukowe w dziedzinie specjalistycznej ochrony zdrowia, publikują swoje ustalenia i współpracują z innymi pracownikami uczelni.",http://data.europa.eu/esco/occupation/684fd8d5-9b40-4b02-a680-438f0082d923,nauczyciel akademicki
Occupation,http://data.europa.eu/esco/occupation/b5d1912e-89c7-4a66-ab96-0dc5f4f6c426,immunolog,released,,"Immunolodzy prowadzą badania nad systemem odpornościowym żywych organizmów (np. ciałem ludzkim) oraz sposobem, w jaki reaguje na zakażenia zewnętrzne lub inwazyjne szkodliwe czynniki (np. wirusy, bakterie, pasożyty). Badania ich koncentrują się na tych chorobach, które mają wpływ na immunologię żywych organizmów w celu zaklasyfikowania ich do leczenia.",http://data.europa.eu/esco/isco/C2131,"Biolodzy, botanicy, zoolodzy i specjaliści nauk pokrewnych"
Occupation,http://data.europa.eu/esco/occupation/b65133db-b3de-44d1-88fa-1d3deda08245,wykładowca akademicki w dziedzinie nauk prawnych,released,pracownik naukowo-dydaktyczny w dziedzinie nauk prawnych,"Wykładowcy akademiccy w dziedzinie nauk prawnych są profesorami, nauczycielami i wykładowcami uczącymi studentów, którzy uzyskali dyplom ukończenia szkoły średniej, w zakresie swojej wyspecjalizowanej dziedziny studiów – nauk prawnych, która ma głównie charakter akademicki. Współpracują ze swoimi asystentami naukowymi i dydaktycznymi w celu przygotowania wykładów i egzaminów, oceniania testów i egzaminów oraz prowadzenia regularnych przeglądów i wymiany informacji zwrotnych dla studentów. Prowadzą również badania naukowe w dziedzinie nauk prawnych, publikują swoje ustalenia i współpracują z innymi pracownikami uczelni.",http://data.europa.eu/esco/occupation/684fd8d5-9b40-4b02-a680-438f0082d923,nauczyciel akademicki
Occupation,http://data.europa.eu/esco/occupation/b73c752b-9858-4f53-82de-f3a340cbcae9,epidemiolog,released,,Epidemiolodzy prowadzą badania nad pochodzeniem i przyczynami erupcji chorób u ludzi. Określają sposoby rozprzestrzeniania się chorób i proponują środki zapobiegawcze przeciwko organizmom polityki zdrowotnej.,http://data.europa.eu/esco/occupation/eee68e13-8248-43bb-a9fb-959832a6c217,biolog
Occupation,http://data.europa.eu/esco/occupation/b79cfd33-6e46-4b71-b180-c9a84422f047,sejsmolog,released,,"Sejsmolodzy badają ruch płytek tektonicznych na Ziemi, który powoduje rozprzestrzenianie się fal sejsmicznych i trzęsień ziemi. Badania te są zgodne z różnymi źródłami wywołującymi trzęsienia ziemi, takimi jak aktywność wulkaniczna, zjawiska atmosferyczne czy zachowanie oceanów. Przedstawiają swoje uwagi naukowe w celu zapobiegania niebezpieczeństwom w budownictwie i infrastrukturze.",http://data.europa.eu/esco/occupation/c6196b21-20f9-4608-83fb-6f143afc740d,geolog
Occupation,http://data.europa.eu/esco/occupation/bac64fa2-dcd6-47bb-8e5c-04e04a86a199,geograf,released,geograf społeczny | geograf gospodarczy | geograf fizyczny,"Geografowie są naukowcami badającymi antropogeografię i geografię fizyczną. W zależności od specjalizacji zajmują się politycznymi, gospodarczymi i kulturowymi aspektami człowieka wyrażonymi w antropogeografii. Badają także rzeźbę terenu, rodzaje gleby, granice naturalne i cieki wodne, tj. przedmioty geografii fizycznej.",http://data.europa.eu/esco/isco/C2632,"Socjolodzy, antropolodzy i specjaliści w dziedzinach pokrewnych"
Occupation,http://data.europa.eu/esco/occupation/bb609566-3ab6-44dd-8f48-cf0b15b96827,inżynier automatyki i robotyki,released,automatyk | inżynier automatyki | inżynier automatyk,"Inżynierowie automatyki i robotyki badają, projektują i opracowują aplikacje i systemy w celu automatyzacji procesu produkcji. Wykorzystują oni technologię i, w stosownych przypadkach, ograniczają wkład ludzki, aby osiągnąć pełen potencjał robotyki przemysłowej. Inżynierowie automatyki i robotyki nadzorują cały proces i zapewniają bezpieczny i sprawny przebieg wszystkich systemów.",http://data.europa.eu/esco/occupation/d7380260-1386-4e36-98b5-8115ca4a3536,inżynier organizacji i planowania produkcji
Occupation,http://data.europa.eu/esco/occupation/bc659adc-f42c-4ef6-89fe-fd030033f446,kosmolog,released,,"Kosmolodzy koncentrują się na badaniu wszechświata jako całości, na który składają się jego pochodzenie, zmiany i ostateczny los. Wykorzystują narzędzia i przyrządy naukowe do obserwacji i badania innych galaktyk oraz obiektów astronomicznych, takich jak gwiazdy, czarne dziury, planety i inne ciała niebieskie.",http://data.europa.eu/esco/isco/C2111,Fizycy i astronomowie
Occupation,http://data.europa.eu/esco/occupation/be3c021d-bd93-45a0-ad32-e8fa8e0d17ef,wykładowca akademicki języków nowożytnych,released,pracownik naukowo-dydaktyczny w dziedzinie języków nowożytnych,"Wykładowcy akademiccy języków nowożytnych są profesorami, nauczycielami i wykładowcami uczącymi studentów, którzy uzyskali dyplom ukończenia szkoły średniej, w zakresie swojej wyspecjalizowanej dziedziny studiów – języków nowożytnych, która ma głównie charakter akademicki. Współpracują ze swoimi asystentami naukowymi i dydaktycznymi w celu przygotowania wykładów i egzaminów, oceniania testów i egzaminów oraz prowadzenia regularnych przeglądów i wymiany informacji zwrotnych dla studentów. Prowadzą również badania naukowe w dziedzinie języków nowożytnych, publikują swoje ustalenia i współpracują z innymi pracownikami uczelni.",http://data.europa.eu/esco/occupation/684fd8d5-9b40-4b02-a680-438f0082d923,nauczyciel akademicki
Occupation,http://data.europa.eu/esco/occupation/bfc92738-128b-44f5-92d4-51b10df17961,filozof,released,,"Filozofowie badają i argumentują ogólne i strukturalne problemy dotyczące społeczeństwa, ludzi i jednostek. Mają dobrze rozwinięte zdolności myślenia racjonalnego i argumentacji, potrzebne do prowadzenia dyskusji na tematy egzystencji, systemów wartości, wiedzy i rzeczywistości. W dyskusji odwołują się do zasad logiki, które pozwalają osiągnąć pewien poziom ogólności i abstrakcji.",http://data.europa.eu/esco/isco/C2633,"Filozofowie, historycy i politolodzy"
Occupation,http://data.europa.eu/esco/occupation/bff7e8a3-6206-4d38-b25f-fcb6e634c7af,wykładowca akademicki w dziedzinie archeologii,released,,"Wykładowcy akademiccy w dziedzinie archeologii są profesorami, nauczycielami i wykładowcami uczącymi studentów, którzy uzyskali dyplom ukończenia szkoły średniej, w zakresie swojej wyspecjalizowanej dziedziny studiów – archeologii, która ma głównie charakter akademicki. Współpracują z asystentami naukowymi i dydaktycznymi w celu przygotowania wykładów i egzaminów, oceniania testów i egzaminów oraz prowadzenia regularnych przeglądów i wymiany informacji zwrotnych dla studentów. Prowadzą również badania naukowe w dziedzinie archeologii, publikują swoje ustalenia i współpracują z innymi pracownikami uczelni.",http://data.europa.eu/esco/occupation/684fd8d5-9b40-4b02-a680-438f0082d923,nauczyciel akademicki
Occupation,http://data.europa.eu/esco/occupation/c25b3700-6095-42b7-99fc-b87dc326c044,specjalista nauk rolniczych,released,gleboznawca | agronom | technik biogospodarki rolniczej | inżynier ogrodnictwa | naukowiec zajmujący się badaniami rolniczymi | konsultant ds rozwoju rolnictwa | naukowiec ds jakości rolnictwa | naukowiec badający biotechnologię rolniczą | inżynier rolnictwa | klasyfikator gruntów | badacz nauk rolniczych | naukowiec zajmujący się rolnictwem | naukowiec zajmujący się badaniami biotechnicznymi w rolnictwie,"Specjaliści nauk rolniczych studiują i przeprowadzają badania gleby, zwierząt i roślin w celu poprawy procesów rolniczych, jakości produktów rolnych lub wpływu procesów rolnych na środowisko. Planują i realizują projekty, takie jak projekty rozwojowe w imieniu klientów lub instytucji.",http://data.europa.eu/esco/isco/C2132,"Doradcy w dziedzinie rolnictwa, leśnictwa i rybołówstwa"
Occupation,http://data.europa.eu/esco/occupation/c262bb96-03bb-4c97-a45b-0cf36db5b048,asystent,released,,"Asystenci udostępniają prace wykładowców akademickich, a konkretnie warunki prowadzenia wykładów studentom. Przygotowują i prowadzą zajęcia oraz spotykają się z uczniami prywatnie w celu wystawienia oceny. Łączą oni również swoje wykłady i inne obowiązki akademickie z prowadzeniem własnych badań w swojej dziedzinie. Asystenci zajmują niezależną, pełnoetatową pozycję, pomimo tego, co może sugerować część tytułu zawodowego.",http://data.europa.eu/esco/occupation/684fd8d5-9b40-4b02-a680-438f0082d923,nauczyciel akademicki
Occupation,http://data.europa.eu/esco/occupation/c3b82711-273d-4fa8-8de7-0ac3d99c16fc,wykładowca akademicki w dziedzinie informatyki,released,pracownik naukowo-dydaktyczny w dziedzinie informatyki,"Wykładowcy akademiccy w dziedzinie informatyki są profesorami, nauczycielami i wykładowcami uczącymi studentów, którzy uzyskali dyplom ukończenia szkoły średniej, w zakresie swojej wyspecjalizowanej dziedziny studiów – informatyki, która ma głównie charakter akademicki. Współpracują ze swoimi asystentami naukowymi i dydaktycznymi w celu przygotowania wykładów i egzaminów, oceniania testów i egzaminów oraz prowadzenia regularnych przeglądów i wymiany informacji zwrotnych dla studentów. Prowadzą również badania naukowe w dziedzinie informatyki, publikują swoje ustalenia i współpracują z innymi pracownikami uczelni.",http://data.europa.eu/esco/occupation/684fd8d5-9b40-4b02-a680-438f0082d923,nauczyciel akademicki
Occupation,http://data.europa.eu/esco/occupation/c549f0de-c415-428e-865c-973bcd224b39,wykładowca akademicki w dziedzinie językoznawstwa,released,pracownik naukowo-dydaktyczny w dziedzinie językoznawstwa,"Wykładowcy akademiccy w dziedzinie językoznawstwa są profesorami, nauczycielami i wykładowcami uczącymi studentów, którzy uzyskali dyplom ukończenia szkoły średniej, w zakresie swojej wyspecjalizowanej dziedziny studiów – językoznawstwa, która ma głównie charakter akademicki. Współpracują ze swoimi asystentami naukowymi i dydaktycznymi w celu przygotowania wykładów i egzaminów, oceniania testów i egzaminów oraz prowadzenia regularnych przeglądów i wymiany informacji zwrotnych dla studentów. Prowadzą również badania naukowe w dziedzinie lingwistyki, publikują swoje ustalenia i współpracują z innymi pracownikami uczelni.",http://data.europa.eu/esco/occupation/684fd8d5-9b40-4b02-a680-438f0082d923,nauczyciel akademicki
Occupation,http://data.europa.eu/esco/occupation/c593ded7-2e97-44a5-a5f3-f6115ff98233,wykładowca akademicki w dziedzinie politologii,released,pracownik naukowo-dydaktyczny w dziedzinie politologii,"Wykładowcy akademiccy w dziedzinie politologii są profesorami, nauczycielami i wykładowcami uczącymi studentów, którzy uzyskali dyplom ukończenia szkoły średniej, w zakresie swojej wyspecjalizowanej dziedziny studiów – politologii, która ma głównie charakter akademicki. Współpracują ze swoimi asystentami naukowymi i dydaktycznymi w celu przygotowania wykładów i egzaminów, oceniania testów i egzaminów oraz prowadzenia regularnych przeglądów i wymiany informacji zwrotnych dla studentów. Prowadzą również badania naukowe w dziedzinie politologii, publikują swoje ustalenia i współpracują z innymi pracownikami uczelni.",http://data.europa.eu/esco/occupation/684fd8d5-9b40-4b02-a680-438f0082d923,nauczyciel akademicki
Occupation,http://data.europa.eu/esco/occupation/c6196b21-20f9-4608-83fb-6f143afc740d,geolog,released,glacjolog | wulkanolog | geolog strukturalny | sedymentolog,"Geolodzy prowadzą badania nad materiałami, które tworzą ziemię. Ich uwagi zależą od celu badań. W zależności od specjalizacji geolodzy analizują, w jaki sposób na przestrzeni czasu kształtowała się Ziemia, jej warstwy geologiczne, jakość minerałów do celów górniczych, trzęsienia ziemi i aktywność wulkaniczna na potrzeby usług prywatnych, a także podobne zjawiska.",http://data.europa.eu/esco/isco/C2114,Geolodzy i geofizycy
Occupation,http://data.europa.eu/esco/occupation/c8fa93eb-7c2c-42c3-b135-c2e825a6615e,inżynier ds. testów,released,inżynier ds testów baterii | inżynier ds walidacji baterii,"Inżynierowie ds. testów planują i przeprowadzają szczegółowe badania jakości na różnych etapach procesu projektowania, aby upewnić się, że systemy są właściwie zainstalowane i funkcjonują prawidłowo. Analizują oni dane zebrane podczas badań i sporządzają sprawozdania. Są również odpowiedzialni za bezpieczeństwo operacji testowych.",http://data.europa.eu/esco/isco/C2149,Inżynierowie gdzie indziej niesklasyfikowani
Occupation,http://data.europa.eu/esco/occupation/c90a6ebe-adcc-4395-9f5b-ff3e96e93cef,wykładowca akademicki w dziedzinie religioznawstwa,released,pracownik naukowo-dydaktyczny w dziedzinie religioznawstwa,"Wykładowcy akademiccy w dziedzinie religioznawstwa są profesorami, nauczycielami i wykładowcami uczącymi studentów, którzy uzyskali dyplom ukończenia szkoły średniej, w zakresie swojej wyspecjalizowanej dziedziny studiów – religioznawstwa, która ma głównie charakter akademicki. Współpracują ze swoimi asystentami naukowymi i dydaktycznymi w celu przygotowania wykładów i egzaminów, oceniania testów i egzaminów oraz prowadzenia regularnych przeglądów i wymiany informacji zwrotnych dla studentów. Prowadzą również badania naukowe w dziedzinie teologii, publikują swoje ustalenia i współpracują z innymi pracownikami uczelni.",http://data.europa.eu/esco/occupation/684fd8d5-9b40-4b02-a680-438f0082d923,nauczyciel akademicki
Occupation,http://data.europa.eu/esco/occupation/d7d986e1-7333-431b-9719-0c5c6939e360,inżynier budownictwa,released,rzeczoznawca budowlany,"Inżynierowie budownictwa projektują, planują i opracowują techniczne i inżynieryjne specyfikacje techniczne dla projektów infrastrukturalnych i budowlanych. Stosują oni wiedzę techniczną w szerokim wachlarzu projektów, począwszy od budowy infrastruktury transportowej, mieszkalnictwa i budynków luksusowych aż po budowę obiektów przyrodniczych. Plany te mają na celu optymalizację materiałów oraz uwzględnienie specyfikacji i alokacji zasobów w ramach ograniczeń czasowych.",http://data.europa.eu/esco/isco/C2142,Inżynierowie budownictwa
Occupation,http://data.europa.eu/esco/occupation/dab9c6dd-8efb-4fe2-8b10-477ef2bcfd8b,wykładowca akademicki w dziedzinie nauk matematycznych,released,pracownik naukowo-dydaktyczny w dziedzinie matematyki,"Wykładowcy akademiccy w dziedzinie nauk matematycznych uczą studentów, którzy uzyskali dyplom ukończenia szkoły średniej, w zakresie swojej wyspecjalizowanej dziedziny studiów – matematyki, która ma głównie charakter akademicki. Współpracują ze swoimi asystentami naukowymi i dydaktycznymi w celu przygotowania wykładów i egzaminów, oceniania testów i egzaminów oraz prowadzenia regularnych przeglądów i wymiany informacji zwrotnych dla studentów. Prowadzą również badania naukowe w dziedzinie matematyki, publikują swoje ustalenia i współpracują z innymi pracownikami uczelni.",http://data.europa.eu/esco/occupation/684fd8d5-9b40-4b02-a680-438f0082d923,nauczyciel akademicki
Occupation,http://data.europa.eu/esco/occupation/e14548c8-c2b9-4ef8-8670-d5967d7ad804,urbanista,released,inteligentny planista miasta,"Urbaniści tworzą plany rozwoju miasteczek, obszarów miejskich, miast i regionów. Badają potrzeby społeczności lub regionu (gospodarcze, społeczne, transportowe) i oceniają inne parametry, takie jak trwałość, w celu przedstawienia solidnych programów mających na celu poprawę sytuacji na danym obszarze.",http://data.europa.eu/esco/isco/C2164,Urbaniści i inżynierowie ruchu drogowego
Occupation,http://data.europa.eu/esco/occupation/e3229e40-f571-4b26-baca-29edc8fe313e,informatyk,released,specjalista ds. badań technologii informacyjno-telekomunikacyjnej | specjalista ds. badań TIK | specjalista ds. badań technologii ICT | specjalista ds. badań technologii informacyjnej i telekomunikacyjnej | specjalistka ds. badań technologii informacyjno-telekomunikacyjnych | specjalista ds. badań technologii informacyjnych i telekomunikacyjnych | specjaliści ds. badań technologii informacyjno-telekomunikacyjnych | specjalista ds. badań technologii informatycznych,"Informatycy prowadzą badania w dziedzinie informatyki i informacji, ukierunkowane na zwiększenie wiedzy i zrozumienia podstawowych aspektów zjawisk TIK. Sporządzają sprawozdania z badań i formułują propozycje. Informatycy opracowują również i projektują nowe podejścia do technologii obliczeniowych, poszukują nowatorskich zastosowań dla istniejących technologii i badań oraz rozwiązują złożone problemy obliczeniowe.",http://data.europa.eu/esco/isco/C2511,Analitycy systemów komputerowych
Occupation,http://data.europa.eu/esco/occupation/e3cc09ba-7ad5-4411-940c-20613000863a,specjalista ds. biologii konserwatorskiej,released,,"Specjaliści ds. biologii konserwatorskiej zarządzają jakością poszczególnych lasów, parków i innych zasobów naturalnych. Chronią oni siedlisko dzikiej przyrody, różnorodność biologiczną, wartość krajobrazową i inne unikalne właściwości rezerwatów i gruntów chronionych. Specjaliści ds. biologii konserwatorskiej prowadzą prace w terenie.",http://data.europa.eu/esco/isco/C2133,Specjaliści do spraw ochrony środowiska
Occupation,http://data.europa.eu/esco/occupation/e74513c3-8ba8-462f-978c-0450522f4427,wykładowca akademicki w dziedzinie chemii,released,pracownik naukowo-dydaktyczny w dziedzinie chemii,"Wykładowcy akademiccy w dziedzinie chemii są profesorami, nauczycielami i wykładowcami uczącymi studentów, którzy uzyskali dyplom ukończenia szkoły średniej, w zakresie swojej wyspecjalizowanej dziedziny studiów – chemii, która ma głównie charakter akademicki. Współpracują ze swoimi asystentami naukowymi i dydaktycznymi w celu przygotowania wykładów i egzaminów, przeprowadzania praktyk laboratoryjnych, oceniania testów oraz prowadzenia regularnych przeglądów i wymiany informacji zwrotnych dla studentów. Prowadzą również badania naukowe w dziedzinie chemii, publikują swoje ustalenia i współpracują z innymi pracownikami uczelni.",http://data.europa.eu/esco/occupation/684fd8d5-9b40-4b02-a680-438f0082d923,nauczyciel akademicki
Occupation,http://data.europa.eu/esco/occupation/e9f50268-4dab-4579-90c2-2ff219eb56f1,wykładowca akademicki w dziedzinie inżynierii,released,wykładowca akademicki w dziedzinie nauk technicznych | nauczyciel akademicki w dziedzinie inżynierii,"Wykładowcy akademiccy w dziedzinie inżynierii są profesorami, nauczycielami i wykładowcami uczącymi studentów, którzy uzyskali dyplom ukończenia szkoły średniej, w zakresie swojej wyspecjalizowanej dziedziny studiów – inżynierii, która ma głównie charakter akademicki. Współpracują ze swoimi asystentami naukowymi i dydaktycznymi w celu przygotowania wykładów i egzaminów, przeprowadzania praktyk laboratoryjnych, oceniania testów i egzaminów oraz prowadzenia regularnych przeglądów i wymiany informacji zwrotnych dla studentów. Prowadzą również badania naukowe w dziedzinie inżynierii, publikują swoje ustalenia i współpracują z innymi pracownikami uczelni.",http://data.europa.eu/esco/occupation/684fd8d5-9b40-4b02-a680-438f0082d923,nauczyciel akademicki
Occupation,http://data.europa.eu/esco/occupation/eee68e13-8248-43bb-a9fb-959832a6c217,biolog,released,botanik | biotechnolog | mykolog | zoolog | ichtiolog | bioinżynier | entomolog | ornitolog,"Biolodzy studiują żywe organizmy i życie w szerszym zakresie w połączeniu ze środowiskiem. Dzięki badaniom starają się wyjaśnić mechanizmy funkcjonalne, interakcje i ewolucję organizmów.",http://data.europa.eu/esco/isco/C2131,"Biolodzy, botanicy, zoolodzy i specjaliści nauk pokrewnych"
Occupation,http://data.europa.eu/esco/occupation/f3d8bc61-f812-4106-afd2-a356e4c11fce,literaturoznawca,released,badacz literatury | badaczka literatury,"Literaturoznawcy badają dzieła literackie, historię literatury, gatunki i krytykę literacką w celu oceny dzieł i otaczających je aspektów w odpowiednim kontekście oraz w celu uzyskania wyników badań na konkretne tematy w dziedzinie literatury.",http://data.europa.eu/esco/isco/C2641,Literaci i pisarze
Occupation,http://data.europa.eu/esco/occupation/f3e23761-0663-4ae0-97a2-0b2dd3fa38a1,inżynier biochemik,released,specjalista ds. technologii biochemicznych,"Inżynierowie biochemicy prowadzą badania w dziedzinie nauk przyrodniczych, aby dokonywać nowych odkryć. Przekształcają te wyniki w rozwiązania chemiczne, które mogą poprawić dobrostan społeczeństwa, takie jak szczepionki, naprawa tkanek, uprawy roślin, a także postępy w zakresie zielonych technologii, takie jak czystsze paliwa pochodzące z zasobów naturalnych.",http://data.europa.eu/esco/occupation/ec21ce88-ce14-49b6-be0a-cc53cf5a3a67,inżynier chemik
Occupation,http://data.europa.eu/esco/occupation/fa5b9075-3796-4e86-be0a-b5e6d725c25a,metrolog,released,,"Metrolodzy studiują i praktykują naukę pomiaru. Opracowują systemy ilościowe, jednostki miar i metody pomiaru, które należy stosować w nauce. Metrolodzy ustanawiają nowe metody i narzędzia służące do ilościowego określenia i lepszego zrozumienia informacji.",http://data.europa.eu/esco/isco/C2112,Meteorolodzy
Occupation,http://data.europa.eu/esco/occupation/fbc9ab3e-18f1-4b7b-8cd5-d6374ed5e9a9,wykładowca akademicki języków klasycznych,released,nauczyciel akademicki języków klasycznych,"Wykładowcy akademiccy języków klasycznych są profesorami, nauczycielami i wykładowcami uczącymi studentów, którzy uzyskali dyplom ukończenia szkoły średniej, w zakresie swojej wyspecjalizowanej dziedziny studiów – języków wymarłych, która ma głównie charakter akademicki. Współpracują ze swoimi asystentami naukowymi i dydaktycznymi w celu przygotowania wykładów i egzaminów, oceniania testów i egzaminów oraz prowadzenia regularnych przeglądów i wymiany informacji zwrotnych dla studentów. Prowadzą również badania naukowe w dziedzinie języków wymarłych, publikują swoje ustalenia i współpracują z innymi pracownikami uczelni.",http://data.europa.eu/esco/occupation/684fd8d5-9b40-4b02-a680-438f0082d923,nauczyciel akademicki
Occupation,http://data.europa.eu/esco/occupation/ff656b3a-65a8-4b4f-b04e-9db12936519b,demograf,released,,"Demografowie badają różne parametry związane z populacją. Na podstawie swoich obserwacji opracowują analizy statystyczne dotyczące ewolucji i zmian stanu urodzeń, osób starszych, małżeństw i rozwodów, zatrudnienia, śmiertelności, imigracji i powiązanych zagadnień.",http://data.europa.eu/esco/isco/C2120,"Matematycy, aktuariusze i statystycy"
